{
    "x": [
        0.0,
        0.1,
        0.2,
        0.30000000000000004,
        0.4,
        0.5,
        0.6000000000000001,
        0.7000000000000001,
        0.8,
        0.9,
        1.0,
        1.1,
        1.2000000000000002,
        1.3,
        1.4000000000000001,
        1.5,
        1.6,
        1.7000000000000002,
        1.8,
        1.9000000000000001,
        2.0,
        2.1,
        2.2,
        2.3000000000000003,
        2.4000000000000004,
        2.5,
        2.6,
        2.7,
        2.8000000000000003,
        2.9000000000000004,
        3.0,
        3.1,
        3.2,
        3.3000000000000003,
        3.4000000000000004,
        3.5,
        3.6,
        3.7,
        3.8000000000000003,
        3.9000000000000004,
        4.0,
        4.1000000000000005,
        4.2,
        4.3,
        4.4,
        4.5,
        4.6000000000000005,
        4.7,
        4.800000000000001,
        4.9,
        5.0,
        5.1000000000000005,
        5.2,
        5.300000000000001,
        5.4,
        5.5,
        5.6000000000000005,
        5.7,
        5.800000000000001,
        5.9,
        6.0,
        6.1000000000000005,
        6.2,
        6.300000000000001,
        6.4,
        6.5,
        6.6000000000000005,
        6.7,
        6.800000000000001,
        6.9,
        7.0,
        7.1000000000000005,
        7.2,
        7.300000000000001,
        7.4,
        7.5,
        7.6000000000000005,
        7.7,
        7.800000000000001,
        7.9,
        8.0,
        8.1,
        8.200000000000001,
        8.3,
        8.4,
        8.5,
        8.6,
        8.700000000000001,
        8.8,
        8.9,
        9.0,
        9.1,
        9.200000000000001,
        9.3,
        9.4,
        9.5,
        9.600000000000001,
        9.700000000000001,
        9.8,
        9.9
    ],
    "y": [
        0.0,
        0.010000000000000002,
        0.04000000000000001,
        0.09000000000000002,
        0.16000000000000003,
        0.25,
        0.3600000000000001,
        0.4900000000000001,
        0.6400000000000001,
        0.81,
        1.0,
        1.2100000000000002,
        1.4400000000000004,
        1.6900000000000002,
        1.9600000000000004,
        2.25,
        2.5600000000000005,
        2.8900000000000006,
        3.24,
        3.6100000000000003,
        4.0,
        4.41,
        4.840000000000001,
        5.290000000000001,
        5.760000000000002,
        6.25,
        6.760000000000001,
        7.290000000000001,
        7.840000000000002,
        8.410000000000002,
        9.0,
        9.610000000000001,
        10.240000000000002,
        10.890000000000002,
        11.560000000000002,
        12.25,
        12.96,
        13.690000000000001,
        14.440000000000001,
        15.210000000000003,
        16.0,
        16.810000000000006,
        17.64,
        18.49,
        19.360000000000003,
        20.25,
        21.160000000000004,
        22.090000000000003,
        23.040000000000006,
        24.010000000000005,
        25.0,
        26.010000000000005,
        27.040000000000003,
        28.090000000000007,
        29.160000000000004,
        30.25,
        31.360000000000007,
        32.49,
        33.64000000000001,
        34.81,
        36.0,
        37.21000000000001,
        38.440000000000005,
        39.69000000000001,
        40.96000000000001,
        42.25,
        43.56000000000001,
        44.89,
        46.24000000000001,
        47.61000000000001,
        49.0,
        50.41000000000001,
        51.84,
        53.29000000000001,
        54.760000000000005,
        56.25,
        57.760000000000005,
        59.290000000000006,
        60.84000000000001,
        62.410000000000004,
        64.0,
        65.61,
        67.24000000000002,
        68.89000000000001,
        70.56,
        72.25,
        73.96,
        75.69000000000001,
        77.44000000000001,
        79.21000000000001,
        81.0,
        82.80999999999999,
        84.64000000000001,
        86.49000000000001,
        88.36000000000001,
        90.25,
        92.16000000000003,
        94.09000000000002,
        96.04000000000002,
        98.01
    ]
}